id,name,sub_county_id,,
2,Arabia,1,,
3,Neboi,1,,
4,Khalalio,1,,
5,Libehiya,1,,
6,Rhamu,2,,
7,Rhamu Dimtu,2,,
8,Morothile,2,,
9,Guticha,2,,
10,Ashabito,2,,
11,Fino,4,,
12,Alango Gof,4,,
13,Sala,4,,
14,Lafey,4,,
15,Warankara,4,,
16,Shimbir Fatuma,3,,
17,Kutulo,3,,
18,Elwak North,3,,
19,Elwak North,3,,
20,Wargadud,3,,
21,Guba,6,,
22,Banissa,6,,
23,Derkhale,6,,
24,Kiliweheri,6,,
25,Malkamari,6,,
26,Takaba,5,,
27,Takaba South,5,,
28,Lagsure,5,,
29,Dandu,5,,
30,Gither,5,,
,,,,
,,,,
,,,,
,,,,
,,,,
,,,,
,,,,
,,,,
,,,,
,,,,
,,,,
,,,,
,,,,
,,,,
,,,,
,,,,
,,,,
,,,,
,,,,
,,,,
,,,,
,,,,
,,,,
,,,,
,,,,
,,,,
,,,,
,,,,
,,,,
60,Mandera East,NULL,,
61,Mandera East,NULL,,
