id,name,created_at,updated_at,deleted_at,sub_county_id
2,Arabia,NULL,1/16/2023 16:23,NULL,1
3,Neboi,NULL,1/16/2023 16:23,NULL,1
4,Khalalio,NULL,1/16/2023 16:24,NULL,1
5,Libehiya,NULL,1/16/2023 16:24,NULL,1
6,Rhamu,NULL,1/16/2023 16:28,NULL,2
7,Rhamu Dimtu,NULL,1/16/2023 16:29,NULL,2
8,Morothile,NULL,1/16/2023 16:31,NULL,2
9,Guticha,NULL,1/16/2023 16:31,NULL,2
10,Ashabito,NULL,1/16/2023 16:31,NULL,2
11,Fino,1/16/2023 18:23,1/16/2023 18:23,NULL,4
12,Alango Gof,1/16/2023 18:23,1/16/2023 18:23,NULL,4
13,Sala,1/16/2023 18:23,1/16/2023 18:23,NULL,4
14,Lafey,1/16/2023 18:23,1/16/2023 18:23,NULL,4
15,Warankara,1/16/2023 18:24,1/16/2023 18:24,NULL,4
16,Shimbir Fatuma,1/16/2023 18:24,1/16/2023 18:24,NULL,3
17,Kutulo,1/16/2023 18:24,1/16/2023 18:24,NULL,3
18,Elwak North,1/16/2023 18:24,1/16/2023 18:24,NULL,3
19,Elwak North,1/16/2023 18:25,1/16/2023 18:25,NULL,3
20,Wargadud,1/16/2023 18:25,1/16/2023 18:25,NULL,3
21,Guba,1/16/2023 18:25,1/16/2023 18:25,NULL,6
22,Banissa,1/16/2023 18:25,1/16/2023 18:25,NULL,6
23,Derkhale,1/16/2023 18:26,1/16/2023 18:26,NULL,6
24,Kiliweheri,1/16/2023 18:26,1/16/2023 18:26,NULL,6
25,Malkamari,1/16/2023 18:26,1/16/2023 18:26,NULL,6
26,Takaba,1/16/2023 18:26,1/16/2023 18:26,NULL,5
27,Takaba South,1/16/2023 18:27,1/16/2023 18:27,NULL,5
28,Lagsure,1/16/2023 18:27,1/16/2023 18:27,NULL,5
29,Dandu,1/16/2023 18:27,1/16/2023 18:27,NULL,5
30,Gither,1/16/2023 18:27,1/16/2023 18:27,NULL,5
31,Githerr,NULL,1/18/2023 2:51,1/18/2023 2:51,NULL
32,Mandera West,NULL,NULL,NULL,NULL
33,Mandera West,NULL,NULL,NULL,NULL
34,Mandera West,NULL,NULL,NULL,NULL
35,Mandera West,NULL,NULL,NULL,NULL
36,Mandera West,NULL,NULL,NULL,NULL
37,Banissa,NULL,NULL,NULL,NULL
38,Banissa,NULL,NULL,NULL,NULL
39,Banissa,NULL,NULL,NULL,NULL
40,Banissa,NULL,NULL,NULL,NULL
41,Banissa,NULL,NULL,NULL,NULL
42,Mandera South,NULL,NULL,NULL,NULL
43,Mandera South,NULL,NULL,NULL,NULL
44,Mandera South,NULL,NULL,NULL,NULL
45,Mandera South,NULL,NULL,NULL,NULL
46,Mandera South,NULL,NULL,NULL,NULL
47,Lafey,NULL,NULL,NULL,NULL
48,Lafey,NULL,NULL,NULL,NULL
49,Lafey,NULL,NULL,NULL,NULL
50,Lafey,NULL,NULL,NULL,NULL
51,Lafey,NULL,NULL,NULL,NULL
52,Mandera North,NULL,NULL,NULL,NULL
53,Mandera North,NULL,NULL,NULL,NULL
54,Mandera North,NULL,NULL,NULL,NULL
55,Mandera North,NULL,NULL,NULL,NULL
56,Mandera North,NULL,NULL,NULL,NULL
57,Mandera East,NULL,NULL,NULL,NULL
58,Mandera East,NULL,NULL,NULL,NULL
59,Mandera East,NULL,NULL,NULL,NULL
60,Mandera East,NULL,NULL,NULL,NULL
61,Mandera East,NULL,NULL,NULL,NULL
